Track name,Artist name,Album,Playlist name,Type,ISRC,Spotify - id
"All Secrets Known","Alice In Chains","Black Gives Way To Blue","BW26","Playlist","USVI20900292","3nBvfyca44vrtZM4iKeS9W"
"Far Cry","Rush","Snakes & Arrows","BW26","Playlist","USAT20701464","4oln108lelSadoqEFlwCZi"
"In Fair Light","Big Wreck","Pages","BW26","Playlist","CASA72300091","5zkSXgW05k7cqt1Y320Vqy"
"Diamond Eyes","Deftones","Diamond Eyes","BW26","Playlist","USRE11000101","6nmDEbjMZru5j55HIkX2yZ"
"Sextape","Deftones","Diamond Eyes","BW26","Playlist","USRE11000115","1EryAkZ0VHstC6haIxVBiE"
"Dissident - Remastered","Pearl Jam","Vs.","BW26","Playlist","USSM11100216","1NnUbdEvJigY0ARnoOgDrv"
"Wordless Chorus","My Morning Jacket","Z","BW26","Playlist","USATO0500081","6xAa0kGkTLU22ZyoHOCHgi"
"Judy Staring At The Sun","Catherine Wheel","Happy Days","BW26","Playlist","GBF089500032","6fRLrrBdeLToeH30d2aCfA"
"Separate Ways (Worlds Apart) [2023 Remaster]","Journey","Frontiers (2023 Remaster)","BW26","Playlist","USSM18300106","1pTw2cNrp9L3esxLAvWnN2"
"Woman from Tokyo","Deep Purple","Who Do We Think We Are","BW26","Playlist","USWB19903564","6aqWPEhtxJaPbSabre2fdx"
"Rock 'N' Roll Pest Control","The Young Fresh Fellows","The Fabulous Sounds of the Pacific Northwest","BW26","Playlist","QMFME1555055","3NwKW5qUxLBOx8UXZSJDnu"
"Mony Mony","Billy Idol","Don't Stop EP","BW26","Playlist","USCH38700005","7gIQrP5rRbb0BX8lFEnTwg"
"One in a Million (2023 Remaster)","The Romantics","In Heat (2023 Remaster)","BW26","Playlist","USSM18300250","6Kzi4F77twuPRkNhxonUET"
"Match","The Moondoggies","A Love Sleeps Deep","BW26","Playlist","USHF31810603","1fDxTjieQnUODBAQp99F6i"
"Of All People","Foo Fighters","Of All People","BW26","Playlist","USRW32600002","1jhI5gfOIA2iGOWk6gp1xc"
"It's All Over Now - (Original Single Mono Version)","The Rolling Stones","Singles 1963-1965","BW26","Playlist","USA176410180","7nJ3JRxCAxMZ104jZ4skoJ"
"Uncontrollable Urge","DEVO","Q: Are We Not Men? A: We Are Devo!","BW26","Playlist","USWB10100942","1RG1Pz45nlYNHka7JioyOT"
"She Is Rising","INXS","Elegantly Wasted (Remastered)","BW26","Playlist","GBAMX9700117","1YMovqbou9iLLA4fSzoFYv"
"The Trees","Rush","Hemispheres","BW26","Playlist","USMR17880085","5cHnoalJPx909Umw8EoroV"
"Flaggin a Ride","Divine Fits","A Thing Called Divine Fits","BW26","Playlist","USMRG1245502","5VFh8HV2xvOM70xI97MDPN"
"Like Suicide","Soundgarden","Superunknown (Deluxe Edition)","BW26","Playlist","USAM19400015","0KhYJOx8HLA1ANTSaxU2KH"
"Jellybelly - Remastered 2012","The Smashing Pumpkins","Mellon Collie And The Infinite Sadness (Deluxe Edition)","BW26","Playlist","USVI21200894","6912SIXb1G9ql3quOxeCaa"
"The Wreckage","Silversun Pickups","The Wreckage","BW26","Playlist","QM3UF2500002","4ZZdjo3O1UFMr0Q4nv3Ame"
"These Things Take Time - David Jensen Session 26/06/83","The Smiths","Hatful of Hollow","BW26","Playlist","GBCAD1000135","27BNAWiJgEi0anWjNXMaBJ"
"Forever Man - 1999 Remaster","Eric Clapton","Behind the Sun","BW26","Playlist","USWB19901066","6x7jcl21wMqyt5R2bAxPyP"
"Universal Soldier","Depeche Mode","HELP(2)","BW26","Playlist","GBAZP2500241","7dpPH25jaKKvKDJcYDgF6d"
"Your Love","The Outfield","Super Hits","BW26","Playlist","USSM18500264","5dRQUolXAVX3BbCiIxmSsf"
"Free Fallin'","Tom Petty","Full Moon Fever","BW26","Playlist","USMC18925673","5tVA6TkbaAH9QMITTQRrNv"
"Welcome Back (Theme from Welcome Back, Kotter)","John Sebastian","Welcome Back","BW26","Playlist","USRE10100601","2pS6zWWQCpO0IVEBIbzJh8"
"Crystal","New Order","Get Ready","BW26","Playlist","GBAAP0100417","2M4PVaTJGjXV91X8HAVQEx"
"Young Fresh Fellows Theme","The Young Fresh Fellows","The Fabulous Sounds of the Pacific Northwest","BW26","Playlist","QMFME1555069","2N3aW62yK4jt5xPxoMHI9X"
"Play for Today - 2006 Remaster","The Cure","Seventeen Seconds","BW26","Playlist","USEE10500783","1PnQ1sK77wMXagGDhwfBdY"
"Malibu","Hole","Celebrity Skin","BW26","Playlist","USGF19816406","5bVOX6eyHsML2sB4aMlZEi"
"Harborcoat - Live At The Olympia Dublin, Ireland / 2007","R.E.M.","Complete Rarities 1988-2011","BW26","Playlist","USWB10902336","0O4KNFZ83h262KdYLJvP9i"
"I Travel","Simple Minds","Celebration","BW26","Playlist","GBAAA8000264","3GRyWgNPX5rBdh0VQctl5P"
"Chosen Time - 2015 Remaster","New Order","Movement","BW26","Playlist","GBAAP1500374","3cNQLJG59xRFGT8cb8KwSi"
"His Latest Flame / Rusholme Ruffians - Live in London, 1986; Medley","The Smiths","Rank","BW26","Playlist","GBCAD1000150","4gFqeJzKVCR2rDec2nGuZw"
"(Marie's The Name) His Latest Flame","Elvis Presley","Elvis 30 #1 Hits","BW26","Playlist","USRC10200342","4qbLOU1T7xgTH87eUSkvJ1"
"No Rain, No Flowers","The Black Keys","No Rain, No Flowers","BW26","Playlist","USWB12501241","2aCRmuNL8RaBi8h7BbmTsT"
"Life And How To Live It - 2010 Remaster","R.E.M.","Fables Of The Reconstruction (Deluxe Edition / 2010 Remaster)","BW26","Playlist","USCA21001232","1yB6adiY4n7DHjQPsM5Vgi"
"Vicious","Lou Reed","Transformer","BW26","Playlist","USRC17201944","4A48NL57P16zSRaq3yoYry"
"The Ledge - 2008 Remaster","The Replacements","Pleased to Meet Me (Expanded)","BW26","Playlist","USRE10800745","0NPGjEcXVFmpi6k8kWXYxJ"
"Magdalena","The Smashing Pumpkins","Zodeon at Crystal Hall","BW26","Playlist","QZYHY2600002","2Z6T171uzbiX0UHtHgWifP"
"Sin City","AC/DC","Powerage","BW26","Playlist","AUAP07800009","3UQQ7g6J8fiMB7oldQzBoq"
"Oh Well, Pt. 1 - 2013 Remaster","Fleetwood Mac","Then Play On (2013 Remaster; Expanded Edition)","BW26","Playlist","USRE11300176","0QdagWnOd3GzMCBu57efgp"
"The Boy","The Smashing Pumpkins","Aeroplane Flies High (Deluxe Edition)","BW26","Playlist","USVI29601072","2Yw5jfEaQFHoUFhzXUGkgV"
"Walk Away","Sisters of Mercy","First and Last and Always","BW26","Playlist","GBAHS0104678","7o3wwWcDjjzY4T5YJdQ7Al"
"Ojitos Lindos","Bad Bunny","Un Verano Sin Ti","BW26","Playlist","QM6MZ2214888","3k3NWokhRRkEPhCzPmV8TW"
"Monkey Gone to Heaven","Pixies","Doolittle","BW26","Playlist","GBAFL9700103","6BT7qiDY4A5tOyklohjQuW"
"Money for Nothing","Dire Straits","Brothers in Arms","BW26","Playlist","GBF088500674","4yqtwO7MQIIXqoiRBPHAgR"
"Life On a Chain","Pete Yorn","musicforthemorningafter","BW26","Playlist","USSM10009569","0Vx453PGDgPnTCJuVMQXXY"
"That Is Why","Jellyfish","Bellybutton","BW26","Playlist","USVI29000009","7eilLreA3JyO5IkSEYQTBt"
"Rainbow in the Dark","Dio","Holy Diver","BW26","Playlist","USWB19903259","2PpNgmrS9mAyrkRAwn6YPq"
"You've Got My Number (Why Don't You Use It!)","The Undertones","You've Got My Number (Why Don't You Use It!)","BW26","Playlist","GBAJE7900069","2erZfK4jHjgPfYSRZNMoqj"
"Tear It All Away - 2002 Remastered","The Church","Hindsight 1980-1987","BW26","Playlist","AUEM00200040","4K2obiFa8R14tMFYbHxP7M"
"Constant In Opal - 2001 Digital Remaster","The Church","Sing-Songs // Remote Luxury // Persia","BW26","Playlist","AUEM00100078","29prelKKU9c4PDxNe4sQ4L"
"One Day - 2002 Digital Remaster","The Church","Seance","BW26","Playlist","AUEM00200056","0HEhO8dMu5VndVhGmc9dNu"
"Till I Collapse","Eminem","The Eminem Show","BW26","Playlist","USIR10211066","4xkOaSrkexMciUUogZKVTS"
"Save It for Later - 2012 Remaster","The English Beat","Special Beat Service (Expanded) [2012 Remaster]","BW26","Playlist","USRH12303061","7jQD3oqlzWzs2ZwKoeTvVX"
"She's Electric - Remastered","Oasis","(What's The Story) Morning Glory? (Deluxe Remastered Edition)","BW26","Playlist","GBQCP1400115","60QLLec3yKDwloXCyummPy"
"I Want You Back - Remaster 2005","Hoodoo Gurus","Stoneage Romeos","BW26","Playlist","AUHD00500002","7gMETwfAij1yUKdWjx7Pon"
"Hereafter (Way After)","Silversun Pickups","Physical Thrills","BW26","Playlist","QM3UF2200003","5ZfHurrVjbHI9ZrtfgzK5x"
"Lonely Ol' Night","John Mellencamp","Scarecrow","BW26","Playlist","USJM18500004","0TBMx8wWJkwSEVSOJUn21e"
"Under Cover of Darkness","The Strokes","Angles","BW26","Playlist","USRC11100031","6u0x5ad9ewHvs3z6u9Oe3c"
"Resurrection Joe","The Cult","Resurrection Joe","BW26","Playlist","GBAZP8400031","5En30JdLDDNbatT0hOfBQs"
"Comfortably Numb - Live from the Luck and Strange Concerts","David Gilmour","The Luck and Strange Concerts","BW26","Playlist","GBLTP2500023","3c4qTWBG92uSqz8oCftVGl"
"Invisible Sun","Liam Gallagher","Why Me? Why Not. (Deluxe Edition)","BW26","Playlist","GBAHT1900611","5Q7NEt1PcVuTBBMz8XmrNZ"
"Something About You","Level 42","World Machine","BW26","Playlist","GBAKW8901001","77NwdlKUIMS3gvvJeO5KK1"
"Welcome To The Jungle","Guns N' Roses","Appetite For Destruction","BW26","Playlist","USGF18714801","0G21yYKMZoHa30cYVi1iA8"
"Wherever I May Roam (Remastered)","Metallica","Metallica (Remastered)","BW26","Playlist","QMKHM1900005","745sNpjWbAxo2MA2zSYbyD"
"Run To You","Bryan Adams","Reckless (30th Anniversary / Deluxe Edition)","BW26","Playlist","USAM18490003","2RWFncSWZEhSRRifqiDNVV"
"3AM","Matchbox Twenty","Yourself or Someone Like You","BW26","Playlist","USAT29600038","5vYA1mW9g2Coh1HUFUSmlb"
"Build And Destroy","Styx","Build And Destroy","BW26","Playlist","USUG12502074","37lctHJGpnrzHPluCe48S8"
"DEMOLITION MAN","Boko Yout","GUSTO","BW26","Playlist","QMBZ92532891","4jgt5xF9YT7hIKyQ0QGkZA"
"We Walk - Live/Remastered","R.E.M.","Complete Rarities - I.R.S. 1982-1987","BW26","Playlist","USCA20600806","78LTHqdNyj0Rz7aCy6IhPz"
"Street Fighting Man - 50th Anniversary Edition","The Rolling Stones","Beggars Banquet (50th Anniversary Edition)","BW26","Playlist","USA171810015","7EXgO1bRnEArE58rtrgMWB"
"No Excuses","Alice In Chains","Jar Of Flies","BW26","Playlist","USSM19303748","4PtZE0h5oyPhCtPjg3NeYQ"
"Baby Talks Dirty","The Knack","But The Little Girls Understand","BW26","Playlist","USCA20200214","1v64SrT0QJlpbrepnZOHPz"
"Highway Star","Deep Purple","Machine Head","BW26","Playlist","USWB19901165","4gVTozEmzwAUXpwj3jEetX"
"Freak Scene","Dinosaur Jr.","Bug","BW26","Playlist","USMRG0566023","7FIhuHZUdUxWX2hDMGdIbF"
"In The City","The Jam","In The City","BW26","Playlist","GBAKW7701001","250dZY8xYbhHGQpM6bgL52"
"Asking For A Friend","Foo Fighters","Asking For A Friend","BW26","Playlist","USRC12502235","6H8kmcBIUymcI1byu6QCRp"
"Your Favorite Toy","Foo Fighters","Your Favorite Toy","BW26","Playlist","USRW32600004","0L9RHQ6I91En6Ic1ILQAEF"
"Everythings Gone Green","New Order","Substance","BW26","Playlist","GBCRL0800456","1VZFmtsZuuqm0EV6KQihE8"
"As Alive As You Need Me To Be","Nine Inch Nails","As Alive As You Need Me To Be","BW26","Playlist","USUG12505531","1xsEHo7mtGZLEG94vFX11z"
"Turn It on Again","Genesis","Duke","BW26","Playlist","GBAAA9400440","5KXTDunEgNVBnuSBDzsm6x"
"Denial - 2015 Remaster","New Order","Movement","BW26","Playlist","GBAAP1500378","3rY5wJIHBqTuoOaXGOxA7N"
"Long Train Runnin'","The Doobie Brothers","The Captain and Me","BW26","Playlist","USWB19900751","4nXkbcTj3nyww1cHkw5RAP"
"Good Girls Don't","The Knack","Get The Knack","BW26","Playlist","USCA28900315","426i8hiYTwwlImNaluBb9C"
"Castles Made of Sand","Jimi Hendrix","Axis: Bold As Love","BW26","Playlist","USQX90900760","3qebSLgUwaEqbwCM5sj5Kh"
"Scare Easy","Mudcrutch","Mudcrutch","BW26","Playlist","USRE10800315","7eq6lgiPU8Rx1c1OmuoB7N"
"Pour Some Sugar On Me","Def Leppard","Hysteria","BW26","Playlist","GBF088790147","1aZLIbKEdsyqxyD6iNcrbA"
"Kick Out the Jams","MC5","Kick Out The Jams (Live)","BW26","Playlist","USEE10000532","1cLfXnBwTFuRngRZfQeLof"
"Black Shoe","The Moondoggies","Don't Be a Stranger","BW26","Playlist","USHF30800402","1wDeS9h6SPylMiuS0NEQRT"
"Lessons In Love","Level 42","Running In The Family","BW26","Playlist","GBAKW8601003","3EGI5qmVmGlfgy9BmNb1R8"
"Love You Madly","CAKE","Comfort Eagle","BW26","Playlist","USSM10104616","5jhfa76FhqtD3Boij6MAKS"
"My Ever Changing Moods - Long Version","The Style Council","Café Bleu (Special Edition)","BW26","Playlist","GBAKW8401042","60podJZH1yhpuaTN00So3L"
"Pushing the Extreme","Wipers","Youth of America","BW26","Playlist","USA2P1502910","1tXWhp84NvHXL1fa0OeBB7"
"Them Kids","Sam Roberts Band","Love at the End of the World","BW26","Playlist","CAUM70800055","4xYfSXfTJNmOo4D0CHsiI7"
"Switch Up","Mike D","Switch Up","BW26","Playlist","USUG12603817","1FHSvpvNWmJcpDcmsxrtbH"
"Thorns and All","Silversun Pickups","Tenterhooks","BW26","Playlist","QM3UF2500006","0S4Zp4FADBlaPBBZPC95iw"
"The Hurting","Tears For Fears","The Hurting","BW26","Playlist","GBF088300039","0CpBiDWgrVau4bGJbkQ73R"
"I Travel - Remastered 2002","Simple Minds","Empires And Dance","BW26","Playlist","GBAAA0200582","1PekyTIRFked9Lah17jQF6"
"I'm Free","The Who","Tommy","BW26","Playlist","GBAKW6900103","7tbp39GZvDA0cItgHynVnG"
"Good Thing","Fine Young Cannibals","The Raw & The Cooked","BW26","Playlist","USRH10901908","6lRkdG1HurVS72F9GoBeWJ"
"Bat Out of Hell","Meat Loaf","Bat Out Of Hell","BW26","Playlist","USSM11206824","3mCeeoBvTTpg8Xy2Wuvirw"
"Der Kommissar","After The Fire","Club Epic - A Collection Of Classic Dance Mixes - Volume 5","BW26","Playlist","GBBBN8200035","0OCoPwxoxtmhwTzUCpilQc"
"Rebellion (Lies)","Arcade Fire","Funeral","BW26","Playlist","USMRG0467010","0xOeB16JDbBJBJKSdHbElT"
"Badge","Cream","Goodbye","BW26","Playlist","GBA076900010","08xsXR637CEqbxJmpFcuSA"
"Everywhere I Go - Remastered","The Call","Reconciled & Into The Woods (Deluxe Double Album) [Remastered]","BW26","Playlist","QMFME2363052","04U9cZB4ISjuHir0uuTCgp"
"Elegantly Wasted","INXS","Elegantly Wasted (Remastered)","BW26","Playlist","GBAMX9700002","1RHMpZW3K13jPLk5gKPBa9"
"10:15 Saturday Night - 2005 Remaster","The Cure","Three Imaginary Boys (Deluxe Edition)","BW26","Playlist","USEE10500800","0l7djXY6dukQGO9qzWadiz"
"Who Are You","The Who","Who Are You (Super Deluxe Edition)","BW26","Playlist","GBAKW7801011","4XTjaXaGmPh8ys1BzFdjdL"
"Rise","The Cult","Beyond Good and Evil","BW26","Playlist","USAT20100809","1TbihmZ2BtE4JP6C85I0zZ"
"Silverfuck - 2011 Remaster","The Smashing Pumpkins","Siamese Dream (Deluxe Edition)","BW26","Playlist","USVI21100156","6qzPIHZ3iujtOYjNkA5CL3"
"Personal Jesus","Depeche Mode","Violator (Deluxe)","BW26","Playlist","GBAJH0600289","2wUlYDGGXlSvm2NkGj0Qio"
"This Time","INXS","Listen Like Thieves","BW26","Playlist","USAT28600023","4EsEfzagJPOdu15YRmptIi"
"Sirius","The Alan Parsons Project","Eye In The Sky","BW26","Playlist","USAR19700018","0hSs4vOZo1OkRiAOoLafrT"
"Just","Radiohead","The Bends","BW26","Playlist","GBAYE9400060","1dyTcli07c77mtQK3ahUZR"
"Feel the Pain","Dinosaur Jr.","Without a Sound","BW26","Playlist","GBAHT0105761","6xUMt58RCX98m7g0KcMwAS"
"I Drink Alone","George Thorogood & The Destroyers","Maverick","BW26","Playlist","USEM38500078","2nIDPfhjHZP8UOXPenLZUC"
"Don't Disturb This Groove","The System","Don't Disturb This Groove","BW26","Playlist","CAU111120692","151gAhQR76u8cbx3TriI65"
"Let My Love Open The Door","Pete Townshend","Empty Glass","BW26","Playlist","GBUM71500440","0otlwsD3mSogk7VJCTp6Kg"
"Black Water","The Doobie Brothers","What Were Once Vices Are Now Habits","BW26","Playlist","USWB19900754","4p8QcNkaq2FQj8uGJ7HEDK"
"So Cold","Balu Brigada","Portal","BW26","Playlist","AUWA02400338","2SGyf0hCuB81F85cHXuRjl"
"Fell On Black Days","Soundgarden","Superunknown (20th Anniversary)","BW26","Playlist","USAM19400003","21HWc9gFZKNdkGzGqHLq3A"
"Livin' On The Edge","Aerosmith","Get A Grip","BW26","Playlist","USIR10000445","3Kv9uUVgt598jYAK79fPQb"
"Sitting Still","R.E.M.","Radio Free Europe","BW26","Playlist","USC4R2105189","0GF23i14GwGKo92PJKlqp8"
"See A Little Light","Bob Mould","Workbook","BW26","Playlist","USVI29401087","7LdKMBKthcdBnAqlAIGqCB"
"Hummer - 2011 Remaster","The Smashing Pumpkins","Siamese Dream (2011 - Remaster)","BW26","Playlist","USVI21100149","7jySCb55R5VWOusbL7b559"
"Acquiesce - Live from Wembley Stadium, 28 September ’25","Oasis","Acquiesce (Live from Wembley Stadium, 28 September ’25)","BW26","Playlist","GBAZP2500277","7sMkJj7BV3YZHsPYr7r6Fz"
"Blood and Roses","The Smithereens","Blood and Roses","BW26","Playlist","USBT21621569","1aP2zAJsbXWrP4YLqoYPDS"
"Somewhere - Remastered 2016","Soundgarden","Badmotorfinger (25th Anniversary Remaster)","BW26","Playlist","USAM10000172","4t7NZcgdC30fH75Noqyy7I"
"Crown Of Thorns","Mother Love Bone","On Earth As It Is: The Complete Works","BW26","Playlist","USF069026310","68MTteXyfgMhRXlj0ANY65"
"We Outlast Them All","Guided By Voices","We Outlast Them All","BW26","Playlist","USNUM2612504","10EZYGDxRLv1odrwJYrnla"
"More Than This","Roxy Music","Avalon","BW26","Playlist","GBAAA9900092","6N7gPTru90HYLRUIVDQ185"
"Boulevard of Broken Dreams","Green Day","American Idiot (20th Anniversary Deluxe Edition)","BW26","Playlist","USRE11200337","0U87auHx1iZTEFcq9KVdmO"
"Turn To You","The Go-Go's","Talk Show","BW26","Playlist","USAM18404348","4y8RO3ws5u1eEdqHM1z5QP"
"Lonely Is The Night - Remastered 2010","Billy Squier","Don't Say No (Remastered 2010)","BW26","Playlist","USCA21001207","28eg5bkYvIHT7HPmzZFwLN"
"Would That Not Be Nice","Divine Fits","A Thing Called Divine Fits","BW26","Playlist","USMRG1245504","5dxNgHm4D5CDJT8AaHcb6A"
"Too Much Time On My Hands","Styx","Paradise Theatre","BW26","Playlist","USAM18000370","4hWUOIDHda9XOb1zDchftP"
"I Need A Lover","John Mellencamp","A Biography","BW26","Playlist","USJM17900001","47lkghP0AjBkqOGzbxC2Mt"
"Fight The Good Fight","Triumph","Allied Forces","BW26","Playlist","CAT311000186","27Bj3kIl4HARQ4H5OcoyF1"
"Rockin' Down the Highway","The Doobie Brothers","Toulouse Street","BW26","Playlist","USWB19900755","565hWcHxsYRepQVtIRNYFK"
"Wild Side","Mötley Crüe","Girls, Girls, Girls (Deluxe Version)","BW26","Playlist","USBY29900189","7zVpUAOuXY7pHHSm21jFEq"
"The Seeker - Original Single A-Side Mix","The Who","Who’s Next : Life House (Super Deluxe)","BW26","Playlist","GBUM72204806","788cNfvhhitTb5T8GORmqj"
"Everybody Wants You","Billy Squier","Absolute Hits","BW26","Playlist","USCA20200156","2Z9B8sd6HgEfCWqvOfhFD0"
"Up Around The Bend","Creedence Clearwater Revival","Cosmo's Factory","BW26","Playlist","USFI87000058","56dtB7EzO7EneUgYwX8krC"
"Back In the Saddle","Aerosmith","Rocks","BW26","Playlist","USSM19930826","3WPYapjyqcVpShYXQuChcs"
"Rain On The Scarecrow","John Mellencamp","Scarecrow","BW26","Playlist","USJM19900005","24iUpyUeGv6AoikfxpRofO"
"Photograph","Def Leppard","Pyromania","BW26","Playlist","GBF088300067","18URo35acNKRTHfEdjTcGn"
"Rock Me Tonite","Billy Squier","Signs Of Life","BW26","Playlist","USCA28700492","12c1PXyghlSuNVO9GZi0DH"
"Looks That Kill","Mötley Crüe","Shout At The Devil","BW26","Playlist","USBY29900160","1Cznl5CD5aaEYMfJq1l9Hd"
"Shoot to Thrill","AC/DC","Back In Black","BW26","Playlist","AUAP08000042","0C80GCp0mMuBzLf3EAXqxv"
"Kickstart My Heart","Mötley Crüe","Dr. Feelgood","BW26","Playlist","USBY29900215","4Yqy0GpeDEXLibWJCZyQew"
"Emotions In Motion","Billy Squier","Emotions In Motion","BW26","Playlist","USCA28800334","6wWps1wyZVFb2tjIc2gWGW"
"Think I'm In Love","Eddie Money","No Control","BW26","Playlist","USSM18200742","6mJQe0vTIojlxwyMwwy6YR"
"Unskinny Bop","Poison","Flesh & Blood","BW26","Playlist","USCA20501449","1Z6lKdYhwp8WYoBqGCKxlM"
"Gone Shootin'","AC/DC","Powerage","BW26","Playlist","AUAP07800011","69MwNXryg6NT1lV7buN7U7"
"Randy","Justice","Randy","BW26","Playlist","FR9W11607811","1SxC0lHZ0OyEV4lvh5v9tm"
"Supernaut - 2020 Remaster","Black Sabbath","Vol. 4 (2021 Remaster)","BW26","Playlist","USRH12003000","1i6AoL8Za376DHb38lo9AR"
"Smoke on the Water (Live in Osaka, Japan, 8/15/1972) - Steven Wilson Remix","Deep Purple","Made in Japan (Steven Wilson Remix) [Live]","BW26","Playlist","USRH12403276","4ZzelsfJt6AoLqScqfZycW"
"Dracula","Tame Impala","Dracula","BW26","Playlist","USQX92505447","5adNBXEoLla10lGJcGzRIL"
"The Electric Co. - Remastered 2008","U2","Boy (Remastered)","BW26","Playlist","GBUM70713124","2dIy0beOgV3XLuPLTbYeiB"
"Wheel in the Sky (2024 Remaster)","Journey","Greatest Hits (2024 Remaster)","BW26","Playlist","USSM17800105","5i36c6C2XRw8U71yWgcoTn"
"Kilby Girl","The Backseat Lovers","When We Were Friends","BW26","Playlist","USCGH1936387","1170VohRSx6GwE6QDCHPPH"
"When I'm Gone","3 Doors Down","Away From The Sun","BW26","Playlist","USUR10200759","3WbphvawbMZ8FyqDxYGdSQ"
"So Far Gone","The Early Years","The Early Years","BW26","Playlist","GBAZP0600014","6kkEikVsdv0ExJMSJgBMFN"
"Sunburned in London","Rolling Blackouts Coastal Fever","Sunburned in London","BW26","Playlist","AULI02565680","3yl2nZ7PzggmJ0QOqA8OZT"
"I Was Made For Lovin' You","KISS","Dynasty","BW26","Playlist","USPR39330175","07q0QVgO56EorrSGHC48y3"
"Like Suicide","Soundgarden","Superunknown (20th Anniversary)","BW26","Playlist","USAM19400015","0vdnSGPeqDln5UHIcYYfS3"
"Plush - 2017 Remaster","Stone Temple Pilots","Core (Super Deluxe Edition)","BW26","Playlist","USAT21701897","0CkspLl535ZxdwCRs8AdZ4"
"Godless","The Dandy Warhols","Thirteen Tales From Urban Bohemia","BW26","Playlist","USCA20000231","4vJRdgiKKzF36ZqUH0ha6A"
"Sour Girl","Stone Temple Pilots","No. 4","BW26","Playlist","USAT29901562","6wNwHBUjsessjRioNVFbaO"
"Dancing Days - 2019 Remaster","Stone Temple Pilots","Purple (Super Deluxe Edition) [2019 Remaster]","BW26","Playlist","USRH11902220","39wwDk4Q6o4EHGqle5sf7d"
"All in the Suit That You Wear","Stone Temple Pilots","Thank You","BW26","Playlist","USAT20302153","17Nk1aji6gd26vabky7fMi"
"Piece of Pie - 2017 Remaster","Stone Temple Pilots","Core (Super Deluxe Edition)","BW26","Playlist","USAT21701894","03h7aLNRDhxMOmVLcbtfl1"
"I'll Stick Around","Foo Fighters","Foo Fighters","BW26","Playlist","USRW29500010","4LGKzrdEeBwR9UHCGlDT0W"
"The Hunter","Free","Tons Of Sobs","BW26","Playlist","GBAAN6800007","6zFFYdst2u4PIKykSU7HOT"
"A Song From Under The Floorboards","Magazine","The Complete John Peel Sessions","BW26","Playlist","GBCAD0001052","3y6I3mmoWq8YQeN6NGFfon"
"All Your Lies","Soundgarden","Ultramega OK (Expanded Reissue)","BW26","Playlist","USSUB1617202","4QPIp6AKNrCqFTaUuOYl0O"
"Mood for Trouble","Soundgarden","Ultramega OK (Expanded Reissue)","BW26","Playlist","USSUB1617206","3jQ5FQxLRJiLvv6UPj0KIH"
"Havana","Gary Myrick","4 Singles","BW26","Playlist","QZZ782626940","4lMj55jbeHXYBXM5Z6wvMP"
"Fame Is Dangerous","Gary Myrick","4 Singles","BW26","Playlist","QZZ782626939","49m5Z5iG65fXr1Pvm4rQ08"
"Everyone Has a Summer","Lovage","Lovage: Music to Make Love to Your Old Lady By","BW26","Playlist","QMWWU1100004","5yGAtvmSwEOjfyLjjREAyy"
"Hand in Glove - 2011 Remaster","The Smiths","Louder Than Bombs","BW26","Playlist","GBCRL1100069","17OgrEnuBJlrm0eksr3hfd"
"Until The End Of The World","U2","Achtung Baby (Deluxe Edition)","BW26","Playlist","GBUM71106462","4iiX7axMHcc76BGM0QJEY5"
"In A Life","U2","Easter Lily EP","BW26","Playlist","GBUM72602205","1fbIlgO7EgYsDzk3r3uRz2"
"Why Can't I Be You?","The Cure","Kiss Me, Kiss Me, Kiss Me","BW26","Playlist","USEE18700007","3RcrFgETR1QGjzV6ZzIRBy"
"I Sat by the Ocean","Queens of the Stone Age","...Like Clockwork","BW26","Playlist","USMTD1303752","1D3YGmST01Ba0WRiT7THPG"
"Little Sister","Queens of the Stone Age","Lullabies To Paralyze","BW26","Playlist","USIR10401154","0BqQWfhMrkpRAUCbdfdHUC"
"If Only","Queens of the Stone Age","Queens of the Stone Age","BW26","Playlist","GBCEL1001085","60wTHSJ0PxxwZDiSLiFaQX"
"The Lost Art Of Keeping A Secret","Queens of the Stone Age","Rated R","BW26","Playlist","USIR10000340","1RwDsaft1szD0FO3DVEtaT"
"Cowboy Song - Live","Thin Lizzy","'Live And Dangerous'","BW26","Playlist","USWB19903680","45IMiWdNPuIV55agMZAZ6h"
"Deep End","The Lemonheads","Love Chant","BW26","Playlist","GBCKK2580401","7ByP3rz2qHhCoXyphUufad"
"The Bottom Line","Big Audio Dynamite","This Is Big Audio Dynamite","BW26","Playlist","USSM18500270","7L047y1ZHviYNfScX0wLXa"
"Sister Havana","Urge Overkill","Saturation","BW26","Playlist","USGF19352901","6E8hhcSnvtevktpFSnHmjK"
"Twice As Hard","The Black Crowes","Shake Your Money Maker","BW26","Playlist","USSM19000338","4nJlfdLIucLBkXEJPsSCSp"
"Remedy","The Black Crowes","The Southern Harmony And Musical Companion","BW26","Playlist","USSM19200288","4FgGFfL3FxvNxybHFcaz3m"
"Eminence Front","The Who","It's Hard","BW26","Playlist","GBAKW8200124","0LN5gIsS5tQSmRzQrHSaTR"
"Changing","The Moondoggies","Don't Be a Stranger","BW26","Playlist","USHF30800405","7uuiEAFGs0wHQKr7bdseNH"
"Norm","Tarantula Bill","Norm","BW26","Playlist","QZPLR2653004","6lv3hkWzVu8e6ZwyX0FTgz"
"Gimme Three Steps","Lynyrd Skynyrd","Pronounced' Leh-'Nerd 'Skin-'Nerd","BW26","Playlist","USMC17301721","0x2wtJbtJrox3SDmnMj97x"
"就在星期五","Mary Bites Kerry","展望未來","BW26","Playlist","TWP011736403","7KsVfP6wf869ZbhXtD9Rkp"
"I Don't Want You Anyway","Superchunk","I Don't Want You Anyway","BW26","Playlist","USMRG2587602","7K01DgaD56wCLYF74SWi4L"
"Bad Girlfriend","Theory of a Deadman","Scars & Souvenirs (Special Edition)","BW26","Playlist","NLA320786463","5m7on0zpnmeAXy72ANrmfU"
"Ugly","The Exies","Head For The Door","BW26","Playlist","USVI20400387","1NoE1pEKbjVDmwLvrMsoop"
"Cut You In","Jerry Cantrell","Boggy Depot","BW26","Playlist","USSM19703272","0ecuZefr04QYl0cGpT53Nz"
"Bound For The Floor","Local H","As Good As Dead","BW26","Playlist","USIR29600091","3cbTV3IZZvSBYVcl0xuZbY"
"Saint Joe On The School Bus","Marcy Playground","Marcy Playground","BW26","Playlist","USEM39600081","1LC2Hcgf2RgEbxPHNTnzaC"
"Simple Lessons","Candlebox","Lucy","BW26","Playlist","USMV20100140","14d6OQbMDNM7jO3haT3kL0"
"10,000 Horses","Candlebox","Happy Pills","BW26","Playlist","USMV29800041","2tzeFz8J7AFzSCpxaCrJat"
"Wicked Garden - 2017 Remaster","Stone Temple Pilots","Core (Super Deluxe Edition)","BW26","Playlist","USAT21701890","7FblcKgEyo6zZjSMAnYpOX"
"Blow Up The Outside World","Soundgarden","Down On The Upside","BW26","Playlist","USAM19602231","5TLA7O0ogTqwZHbS3ERabw"
"Shelf In The Room","Days Of The New","Days Of The New","BW26","Playlist","USOU19700401","5UNoPMX7K2W769iQ4PDfOt"
"Personal Jesus","Def Leppard","Personal Jesus","BW26","Playlist","USMVB1800090","6rzn7K6369rzpzsFk2Xfsd"
"To Space","Kings of Leon","EP #2","BW26","Playlist","USA2P2553839","356x2OD1llA9NfOMXVmGSk"
"Losing My Religion - Live At The Point Depot, Dublin, Ireland / February, 2005","R.E.M.","R.E.M. Live","BW26","Playlist","USWB10703649","0svaiEE8lMG6Q3PjMWdxLq"
"Cherry Bomb","John Mellencamp","The Lonesome Jubilee","BW26","Playlist","USJM18700002","43oPpqzWPSZmeiwYicmzjG"
"Hurts So Good","John Mellencamp","American Fool","BW26","Playlist","USJM18200002","67eX1ovaHyVPUinMHeUtIM"
"Hollywood Nights","Bob Seger","Stranger In Town","BW26","Playlist","USCA28600268","5VbePtZp1at8gH990zVyTI"
"True Faith","New Order","Substance","BW26","Playlist","GBAAP0001118","4fpxnJGDWFxjGvLJOqPPt8"
"More Than This","Roxy Music","Roxy Music Collection","BW26","Playlist","GBAAA8200076","6SsP9PE7JT83QZA8kEYHVV"
"Shout","Tears For Fears","Songs From The Big Chair (Super Deluxe Edition)","BW26","Playlist","GBF088490125","11leihwcsTVOTo1gxpgYNG"
"Bad Moon Rising","Creedence Clearwater Revival","Green River (Expanded Edition)","BW26","Playlist","USC4R0817604","20OFwXhEXf12DzwXmaV7fj"
"All Right Now","Free","Fire And Water","BW26","Playlist","GBAAN7000001","1gcESexgftSuLuML57Y69q"
"Bang a Gong (Get It On) - 2003 Remaster","T. Rex","Electric Warrior [Expanded & Remastered]","BW26","Playlist","USRE10300007","6FsQrRpBLgsrFeAeiQqytm"
"Take It Easy - 2013 Remaster","Eagles","Eagles (2013 Remaster)","BW26","Playlist","USEE11300314","4yugZvBYaoREkJKtbG08Qr"
"Rock 'n' Roll (Part 2)","Gary Glitter","Glitter","BW26","Playlist","GBCQV7500002","5F40csF5DtKOGfEg8vuz1d"
"Jumpin' Jack Flash - Mono Version","The Rolling Stones","Through The Past, Darkly (Big Hits Vol. 2) [UK Version]","BW26","Playlist","USA176810110","1gqTXnc7WXBI9AwcCiqcJ1"
"Fly Away","Lenny Kravitz","5","BW26","Playlist","USVI29800169","1OxcIUqVmVYxT6427tbhDW"
"Paralyzed","Lenny Kravitz","Blue Electric Light","BW26","Playlist","DELV42300472","3q44HY8PBUSUVFuy8Uboxh"
"Invisible Sun","The Police","Ghost In The Machine (Remastered 2003)","BW26","Playlist","GBAAM0201128","5u8Dwz4h41DDOKfeFfexMR"
"Dream Attack - 2015 Remaster","New Order","Technique","BW26","Playlist","GBAAP1500412","255YBFFiVe4ldKi15PYGDv"
"Thieves like Us","New Order","The Best of New Order","BW26","Playlist","GBANP9400064","0kQTkXqjtWSPCM2D14cGq3"
"This Time - Studio Demo","INXS","Listen Like Thieves (40th Anniversary Deluxe Edition)","BW26","Playlist","USUG12407405","5eYRFnz8Gbo7MMniCQfaUi"
"One X One","INXS","Listen Like Thieves","BW26","Playlist","USAT28600026","7MNRqcvpme55iJG9kfgV8O"
"Soma","The Strokes","Is This It","BW26","Playlist","USRC10100771","6gU7ohksNd6LsEJMWfDRhp"
"Wait for Me","Kings of Leon","Mechanical Bull (Expanded Edition)","BW26","Playlist","USRC11300789","2nO1DYEg1X5GHi8SSuNJQj"
"Ain't Wastin' Time No More","Allman Brothers Band","Eat A Peach","BW26","Playlist","USPG19190007","4euYSSvpQZSAQ4gThyL2QD"
"I'll Wait - 2015 Remaster","Van Halen","1984 (Remastered)","BW26","Playlist","USWB11403685","2TIKWWCf6qAtVP6AGa7e9k"
"Rusholme Ruffians - 2011 Remaster","The Smiths","Meat Is Murder","BW26","Playlist","GBCRL1100038","6rZ4Q8YW88xCERDq0AEbmt"
"Just like Heaven","The Cure","Kiss Me, Kiss Me, Kiss Me","BW26","Playlist","USEE18700009","76GlO5H5RT6g7y0gev86Nk"
"Little Guitars - 2015 Remaster","Van Halen","Diver Down (Remastered)","BW26","Playlist","USWB11500524","18fIsTimWvKXA2whjHYON3"
"Drown","The Smashing Pumpkins","(Rotten Apples) The Smashing Pumpkins Greatest Hits","BW26","Playlist","USSM19200933","3eMYc6FK9XvyauIaxcJtRS"
"Nutshell","Alice In Chains","Jar Of Flies","BW26","Playlist","USSM10025671","2JuasWPUodaUxf5nwNpciQ"
"Zero - Remastered 2012","The Smashing Pumpkins","Mellon Collie And The Infinite Sadness (Deluxe Edition)","BW26","Playlist","USVI21200895","4YFcGTdgmEuw8xTO4XrxbB"
"Burden In My Hand","Soundgarden","Down On The Upside","BW26","Playlist","USAM19602232","1iArQTuOzxvrtniGmkyy92"
"Perfect","The Smashing Pumpkins","Adore (2014 Remaster)","BW26","Playlist","USVI29800015","0GvC9hj6rWx7O1jinbhjty"
"Canada","The Guest List","Canada","BW26","Playlist","GX8QN2200002","0n0llohENPn55yP4RztnG5"
"Never You Done That","General Public","All The Rage","BW26","Playlist","USSE91232760","1TAAAbxtkJuq8SK4HyQdtJ"
"Free Bird","Lynyrd Skynyrd","Pronounced' Leh-'Nerd 'Skin-'Nerd","BW26","Playlist","USMC17301722","5EWPGh7jbTNO2wakv8LjUI"
"Fly By Night","Rush","Fly By Night","BW26","Playlist","USWWW0201912","54TaGh2JKs1pO9daXNXI5q"
"Houses of the Holy - Remaster","Led Zeppelin","Physical Graffiti (Remaster)","BW26","Playlist","USAT21300967","0gJmT4VMZd6iYDvqfOou0A"
"Ocean Size - 2006 Remaster","Jane's Addiction","Up from the Catacombs: The Best of Jane's Addiction","BW26","Playlist","USWB10503972","7gp0e8WPmC1xw9Juz1SSOc"
"Trampled Under Foot - Remaster","Led Zeppelin","Physical Graffiti (Remaster)","BW26","Playlist","USAT21300968","7Dmtj0kicT7AMR9TSmUASf"
"Born On The Bayou","Creedence Clearwater Revival","Bayou Country (Expanded Edition)","BW26","Playlist","USC4R0817589","587bVBCHYW5Q2VNRLig4AS"
"Take the Highway","The Marshall Tucker Band","The Marshall Tucker Band","BW26","Playlist","USSE90320362","64PgbvQuUk8ZZc61chQ1fD"
"Feelin' Blue","Creedence Clearwater Revival","Willy And The Poor Boys (Expanded Edition)","BW26","Playlist","USC4R0817617","4YDIm7KU50tf4lXVC4EBzc"
"You Got to Lose","The Black Keys","You Got to Lose","BW26","Playlist","USWB12504972","5YrYpEPqwBymz2VgbIYGik"
"Song Of The Future","U2","Days Of Ash EP","BW26","Playlist","GBUM72600826","3xbZa70HOBQpGQcaR3HqW1"
"Shapes of Things","Jeff Beck","Beck's Blues","BW26","Playlist","GBAWA0515438","31G2l6Ou0yh1HdcfqlokaM"
"Sunshine Of Your Love","Cream","Disraeli Gears (Deluxe Edition)","BW26","Playlist","GBA076700020","2K2M0TcglCRLLpFOzKeFZA"
"Reflection","TOOL","Lateralus","BW26","Playlist","USVR10100019","0R7HFX1LW3E0ZR5BnAJLHz"
"Wanting and Waiting","The Black Crowes","Wanting and Waiting","BW26","Playlist","USME32300503","2tshfSpT1vLHlMZ88btPOj"
"Your Favorite Toy","Foo Fighters","Your Favorite Toy","BW26","Playlist","USRW32600004","2ZSOU8Fx9uRBW57nwfPVAL"
"Dirty Laundry","Don Henley","I Can’t Stand Still","BW26","Playlist","USWB12304354","1deZHQ9Na7bnWA9pulmlXD"
"Carry on Wayward Son","Kansas","The Essential Kansas","BW26","Playlist","USSM17600874","2SUpC3UgKwLVOS2FtZif9N"
"Paranoid - 2012 - Remaster","Black Sabbath","Paranoid (Remaster)","BW26","Playlist","USWB11304628","1Y373MqadDRtclJNdnUXVc"
"Sweet Emotion","Aerosmith","Toys In The Attic","BW26","Playlist","USSM19906482","73TxYZd0lBCVRrHawrAglA"
"Just Can't Get Enough","Depeche Mode","Speak and Spell (Deluxe)","BW26","Playlist","GBAJH0600205","0qi4b1l0eT3jpzeNHeFXDT"
"Word Up","Cameo","Word Up","BW26","Playlist","USPR39402457","7LoGfKBAaOl0nxhodJ1240"
"Close to Me - 2006 Remaster","The Cure","The Head on the Door","BW26","Playlist","USEE10608884","7ABE6G4uQxbNtYgVrpBBPA"
"Love Will Tear Us Apart - 2020 Remaster","Joy Division","Love Will Tear Us Apart","BW26","Playlist","GBAHT2000137","34iOH7LY3vme5rQxsVILZ4"
"Panic - 2011 Remaster","The Smiths","Louder Than Bombs","BW26","Playlist","GBCRL1100073","64D3dzWyj0GpQT1AHx4kbK"
"Spread Your Love","Black Rebel Motorcycle Club","B.R.M.C.","BW26","Playlist","USVI20000601","1gq5tbU9FTm90duAZtDZUv"
"Lazy Eye","Silversun Pickups","Carnavas","BW26","Playlist","US3R20600207","3l24Vnw1YbWv8UEKaZLjCE"
"The Underdog","Spoon","Ga Ga Ga Ga Ga (2017 Remaster)","BW26","Playlist","USMRG1759507","7cDbqFvw45zdLHGltdb1g9"
"Lump","The Presidents Of The United States Of America","The Presidents of The United States of America: Ten Year Super Bonus Special Anniversary Edition","BW26","Playlist","US35G0400023","2chzksqvbwwuRBwNB2pslH"
"What’s The Frequency, Kenneth? - Remastered 2013","R.E.M.","Monster (Remastered)","BW26","Playlist","USC4R1901433","2ElyyOi86SHyMKcUrv2f8e"
"I Feel You","Depeche Mode","Songs of Faith and Devotion (Deluxe)","BW26","Playlist","GBAJH0601241","2M0SsKN720GGXcCqhB96LX"
"Hand in Glove - 2011 Remaster","The Smiths","Hatful of Hollow","BW26","Playlist","GBCRL1100069","0Due7jDdu0EAWHUEw12H2p"
"Reel Around the Fountain - John Peel Session 18/05/83","The Smiths","Hatful of Hollow","BW26","Playlist","GBCAD1000143","2AUmcdyrTV9uZmvJ752jQd"
"Can't Stand Losing You","The Police","Outlandos D'Amour (Remastered 2003)","BW26","Playlist","GBAAM0201089","6DjKJgwe9c90Bd2iya0fre"
"Fall On Me - Live","R.E.M.","Automatic For The People (25th Anniversary Edition)","BW26","Playlist","USC4R1700257","4NsTyqJkQs46AM88R8Sf84"
"Touch Me I'm Sick","Mudhoney","Superfuzz Bigmuff (Deluxe Edition)","BW26","Playlist","USSUB0877301","2x5FYXo5rL4Phmn3UPdkK3"
"China Grove","The Doobie Brothers","The Captain and Me","BW26","Playlist","USWB19900750","7cy1bEJV6FCtDaYpsk8aG6"
"Minute by Minute","The Doobie Brothers","Minute by Minute","BW26","Playlist","USWB10902442","37oLDb3119IdKSIFQmSGRj"
"Joker And The Thief","Wolfmother","Wolfmother","BW26","Playlist","AUUM70500115","7ISL3LO8AWP3fKIXunvqTa"
"Revolve","Melvins","Stoner Witch","BW26","Playlist","USAT20103350","09hctAvAEUpm7MKl1RBK2j"
"YYZ","Rush","Moving Pictures (2011 Remaster)","BW26","Playlist","USMR18180105","3lpDrxUkr0tIe1kmJvdK7d"
"This Town","Green River","Dry as a Bone/Rehab Doll","BW26","Playlist","USSUB0701101","6bmlymaMLlpfcyWNjn4vRE"
"Brain Damage","Pink Floyd","The Dark Side of the Moon","BW26","Playlist","GBN9Y1100140","05uGBKRCuePsf43Hfm0JwX"
"Dreams Never End - 2015 Remaster","New Order","Movement","BW26","Playlist","GBAAP1500371","32TKQVwtSGCHIqmbmaNdFj"
"Tropic Morning News","The National","First Two Pages of Frankenstein","BW26","Playlist","GBAFL2200335","6oYXnC1pi6S8GJF32jvdmx"
"Wanted Man","Ratt","The Essentials: Ratt","BW26","Playlist","USAT29900561","7si505L0BOMwJ8A806S1Kw"
"Reelin' In The Years","Steely Dan","Can't Buy A Thrill","BW26","Playlist","USMC17347184","1x1XQqhBViz4opcpwc7FVs"
"Peace Frog","The Doors","Morrison Hotel","BW26","Playlist","USEE19900378","5piJiL6aRhvrKBa9YuEfS9"
"Southbound","Allman Brothers Band","Brothers And Sisters (Deluxe Edition)","BW26","Playlist","USA027300050","2CgYegR1bxSUqANxXwss9g"
"(Ain't Nothin' but A) House Party","The J. Geils Band","Bloodshot","BW26","Playlist","USAT20001379","5mZ64Frr4QjMOkg3XtLlS8"
"Bleed The Freak","Alice In Chains","Facelift","BW26","Playlist","USSM10026480","60l2m3BD5VY0HSc3xmSpPI"
"Go Down","AC/DC","Let There Be Rock","BW26","Playlist","AUAP07700005","7A944u5mXbkCz0I5BdLckI"
"Lady Picture Show","Stone Temple Pilots","Tiny Music...Songs from the Vatican Gift Shop","BW26","Playlist","USAT29600109","6y1I8cGzw6KWy2zPA572Jq"
"Who Made Who","AC/DC","Who Made Who","BW26","Playlist","AUAP08600001","6rvldt6EoZwzogApECUCwd"
"Still the One","Orleans","Waking & Dreaming","BW26","Playlist","USEE10250656","2dtK02TSAuTvVYU2wGAVG0"
"American Idiot","Green Day","American Idiot","BW26","Playlist","USRE10400888","6nTiIhLmQ3FWhvrGafw2zj"
"Old Yellow Bricks","Arctic Monkeys","Favourite Worst Nightmare (Standard Version)","BW26","Playlist","GBCEL0700073","3BcQFPRZuuUClWStz29WjN"
"Helter Skelter - Remastered 2009","The Beatles","The Beatles (Remastered)","BW26","Playlist","GBAYE0601666","0Bs0hUYxz7REyIHH7tRhL2"
"Nirvana","The Cult","Love","BW26","Playlist","GBAZP9700068","1Ykxsic1V3kvfTg9y6ypbr"
"Disposable Heroes (Remastered)","Metallica","Master of Puppets (Remastered Deluxe Box Set)","BW26","Playlist","QMKHM1600222","2a2le1M7cmvdrg1QHH7H53"
"Just For You - 2002 Digital Remaster","The Church","The Blurred Crusade","BW26","Playlist","AUEM00200048","25MyPE0hQqRHa2y6NpTuek"
"Give Up The Funk (Tear The Roof Off The Sucker)","Parliament","Mothership Connection","BW26","Playlist","USPR37800052","4XRkQloZFcRrCONN7ZQ49Y"
"Sugarcane","New Order","Lost Sirens","BW26","Playlist","GBCRL1100372","6Wc5Igd6TP8J6NaCWs0Ubf"
"Living Well Is The Best Revenge","R.E.M.","Accelerate","BW26","Playlist","USWB10705617","0wjfUZsUl6MW8qbcwSyBaD"
"Karn Evil 9 1st Impression, Pt. 2 (2014 - Remaster)","Emerson, Lake & Palmer","Brain Salad Surgery","BW26","Playlist","GBARL1400061","6WfjV745TiUcD8KdUKp241"
"Between Something and Nothing","The Ocean Blue","The Ocean Blue","BW26","Playlist","USRE10100001","1Nm7gI6fbdeUMWSA1YSpEk"
"I Need A Lover","John Mellencamp","John Cougar","BW26","Playlist","USJM17900001","2cdwkBvcf927tAUvCR2ggy"
"Times Of Trouble","Temple Of The Dog","Temple Of The Dog","BW26","Playlist","USAM10000349","4m1BHxinyAOrymQFKqTsr6"
"Bad - Remastered 2009","U2","The Unforgettable Fire (Remastered)","BW26","Playlist","GBUM70817515","6TQ7XVKcCQcfCEmv0QYYV8"
"When You Were Mine - 2002 Remastered","The Church","The Blurred Crusade","BW26","Playlist","AUEM00200044","3aVlzlVWmhYEog0L27aWap"
"Question","The Moody Blues","A Question Of Balance","BW26","Playlist","GBA177000020","4Q27I5G3W14hnYVi45oi2h"
"Slither","Velvet Revolver","Contraband","BW26","Playlist","USRC10400063","7kF1iPJTj3VFJX9XokQ80F"
"Just What I Needed","The Cars","The Cars","BW26","Playlist","USEE17500009","4alHo6RGd0D3OUbTPExTHN"
"Green Earrings - 2025 Remaster","Steely Dan","The Royal Scam (2025 Remaster)","BW26","Playlist","USMC17547223","4HtGCkV63YB0vTJ8Eso7xq"
"Jeopardy","The Greg Kihn Band","Kihnspiracy","BW26","Playlist","QMFME1498698","1LJr4mVQgg0Y6qZlJh80ST"
"Married With Children","Oasis","Definitely Maybe","BW26","Playlist","GBAAW9400147","0oemhAQXaaIHCEARF9JFGg"
"Hold Me, Thrill Me, Kiss Me, Kill Me - From 'Batman Forever'","U2","The Best Of 1990-2000","BW26","Playlist","GBAAN0201228","5TsHqbDKaSs4ECZX0045YS"
"The Saints Are Coming","U2","U218 Singles","BW26","Playlist","GBUM70604745","6uQL0epVs9N9Bergafaf6x"
"Sedan Delivery - Live; 2016 Remaster","Neil Young","Live Rust","BW26","Playlist","USRE11600835","4QEGY6wW9sLFQKA45hHBM2"
"Synchronicity II","The Police","Synchronicity (Remastered 2003)","BW26","Playlist","GBAAM0201109","5ynO8cYFjDwELIZfFHHeYe"
"Alice","Sisters of Mercy","Some Girls Wander by Mistake","BW26","Playlist","GBAHS0200092","4PbxSwW7CxxYIFINPjuTnd"
"Reward","The Teardrop Explodes","Kilimanjaro","BW26","Playlist","GBF088000023","2vULfNEAOjjRyjj6hs0kBm"
"Behind The Wall Of Sleep","The Smithereens","Especially For You","BW26","Playlist","USCA28600128","4T5Rcn6qefZOUMgDb8AkEt"
"Don't Cha Stop","The Cars","The Cars","BW26","Playlist","USEE10170471","6Lyicg1iVi8G984O3LcNQf"
"Jeepster - 2003 Remaster","T. Rex","Electric Warrior [Expanded & Remastered]","BW26","Playlist","USRE10300004","0v1wsyUb3UplLdgcdTbUEd"
"Civil War","Guns N' Roses","Use Your Illusion II","BW26","Playlist","USGF19142001","6i4Qi1mJxXjqNIL9HfJhRs"
"Saving Grace","Tom Petty","Highway Companion","BW26","Playlist","USWB10603019","7tSt526i6jm3zmhUfbXZHX"
"Mean Street - 2015 Remaster","Van Halen","Fair Warning (Remastered)","BW26","Playlist","USWB11500779","1eGSgC6ZhJ8D4nrZZ83LyA"
"Show Me How to Live","Audioslave","Audioslave","BW26","Playlist","USSM10211589","1Qdnvn4XlmZANCVy3XjrQo"
"We Got The Whip","Audioslave","Cochise","BW26","Playlist","USSM10215000","79dhcteL7MrY8SfJvwKxzu"
"Black Hole Sun","Soundgarden","Superunknown (Deluxe Edition)","BW26","Playlist","USAM19400007","2EoOZnxNgtmZaD8uUmz2nD"
"Interrobang","Silversun Pickups","Tenterhooks","BW26","Playlist","QM3UF2500009","6hKwyjgslpKEKA7lZ8LJiY"
"I Can See For Miles - Mono Version","The Who","The Who Sell Out (Super Deluxe)","BW26","Playlist","GBUM70818900","7B9F9nLxe7MZgZ68Jj86Fn"
"Lovesong - 2010 Remaster","The Cure","Disintegration (Deluxe Edition)","BW26","Playlist","USEE10901455","0X5C4WjQNubRysTkHOubz3"
"Rip It Up","Orange Juice","Rip It Up","BW26","Playlist","GBCEL1000577","7y4CtoXHFbs8VgcqbaYb9P"
"It Don't Come Easy","The Smithereens","Covers","BW26","Playlist","USBT21611820","4YhwwHbO9mDx3OUYc8Dkuq"
"Marquee Moon","Television","Marquee Moon","BW26","Playlist","USEE10181884","7Me0vOSlJfaPY7Pc4GeItd"
"Naveed","Our Lady Peace","Naveed","BW26","Playlist","CAE249400033","75UvFUebxOBj5Fl5euUqQA"
"Murder By Numbers","The Police","Synchronicity (Remastered 2003)","BW26","Playlist","GBAAM0201114","2CFafx1QnpbK4CQVOhzxkT"
"Even Flow","Pearl Jam","Ten","BW26","Playlist","USSM19100673","6QewNVIDKdSl8Y3ycuHIei"
"Outshined - Remastered 2016","Soundgarden","Badmotorfinger (25th Anniversary Remaster)","BW26","Playlist","USAM19104304","4VwPsMcRt1HPVKIdcwY9Uj"
"Superunknown","Soundgarden","Superunknown (20th Anniversary)","BW26","Playlist","USAM19400005","7GwrtGLmY02SKSil0kH0rH"
"By Crooked Steps","Soundgarden","King Animal (Deluxe Version)","BW26","Playlist","USUG11201137","0g63pVqj263CMsnm7H6BtN"
"Flower","Soundgarden","Ultramega OK (Expanded Reissue)","BW26","Playlist","USSUB1617201","3tlwwCJNVuvvnQNdP7XkRF"
"Hands All Over","Soundgarden","Chris Cornell (Deluxe Edition)","BW26","Playlist","USAM18900502","76JLGXdo2m5TGXgs02bgyR"
"Hands All Over","Soundgarden","Louder Than Love","BW26","Playlist","USAM18900502","1P4NeCeT76MGWkgVV8uRxP"
"American Girl","Tom Petty and the Heartbreakers","Greatest Hits","BW26","Playlist","USUG10400001","6SIV02mskzzc3KXK7t4NHj"
"Listen To Her Heart","Tom Petty and the Heartbreakers","You're Gonna Get It!","BW26","Playlist","USMC17841690","1cfnrxKDTz0kcKVL5EclFG"
"Legs (2008 Remaster)","ZZ Top","Eliminator","BW26","Playlist","USWB10702822","11oBg7EA3BgPLWrIx4Rv7D"
"Train in Vain (Stand by Me) - Remastered","The Clash","London Calling (Remastered)","BW26","Playlist","GBARL1200698","6ITuEsxEy2qPhqMowdDAeI"